,enhanced,standard
"Viruses;dsDNA viruses, no RNA stage;Caudovirales;Siphoviridae;unclassified Siphoviridae;Pseudomonas phage phiPSA1;GCF_000921055.1 Pseudomonas phage phiPSA1;NC_024365.1 Pseudomonas phage phiPSA1, complete genome -> Viruses;dsDNA viruses, no RNA stage;Caudovirales;Siphoviridae;unclassified Siphoviridae;Pseudomonas phage phiPSA1;GCF_000921055.1 Pseudomonas phage phiPSA1;NC_024365.1 Pseudomonas phage phiPSA1, complete genome",1.0,1.0
cellular organisms -> cellular organisms,1.0,1.0
cellular organisms -> cellular organisms;Bacteria;Terrabacteria group;Firmicutes;Bacilli;Lactobacillales;Streptococcaceae;Streptococcus,1.0,1.0
cellular organisms;Bacteria -> cellular organisms;Bacteria,,1.0
cellular organisms;Bacteria -> cellular organisms;Bacteria;Proteobacteria;Gammaproteobacteria,,2.0
cellular organisms;Bacteria -> cellular organisms;Bacteria;Proteobacteria;Gammaproteobacteria;Enterobacterales;Enterobacteriaceae,1.0,3.0
cellular organisms;Bacteria -> cellular organisms;Bacteria;Proteobacteria;Gammaproteobacteria;Enterobacterales;Enterobacteriaceae;Enterobacter;Enterobacter cloacae complex,3.0,2.0
cellular organisms;Bacteria -> cellular organisms;Bacteria;Proteobacteria;Gammaproteobacteria;Enterobacterales;Enterobacteriaceae;Escherichia;Escherichia coli,9.0,6.0
cellular organisms;Bacteria -> cellular organisms;Bacteria;Proteobacteria;Gammaproteobacteria;Pseudomonadales;Pseudomonadaceae;Pseudomonas,1.0,
cellular organisms;Bacteria;Proteobacteria -> cellular organisms;Bacteria;Proteobacteria,1.0,1.0
cellular organisms;Bacteria;Proteobacteria -> cellular organisms;Bacteria;Proteobacteria;Gammaproteobacteria,,6.0
cellular organisms;Bacteria;Proteobacteria -> cellular organisms;Bacteria;Proteobacteria;Gammaproteobacteria;Enterobacterales;Enterobacteriaceae,,4.0
cellular organisms;Bacteria;Proteobacteria -> cellular organisms;Bacteria;Proteobacteria;Gammaproteobacteria;Enterobacterales;Enterobacteriaceae;Enterobacter;Enterobacter cloacae complex,24.0,17.0
cellular organisms;Bacteria;Proteobacteria -> cellular organisms;Bacteria;Proteobacteria;Gammaproteobacteria;Enterobacterales;Enterobacteriaceae;Escherichia;Escherichia coli,8.0,7.0
cellular organisms;Bacteria;Proteobacteria -> cellular organisms;Bacteria;Proteobacteria;Gammaproteobacteria;Pseudomonadales;Pseudomonadaceae;Pseudomonas,2.0,2.0
cellular organisms;Bacteria;Proteobacteria -> cellular organisms;Bacteria;Proteobacteria;Gammaproteobacteria;Pseudomonadales;Pseudomonadaceae;Pseudomonas;Pseudomonas antarctica,2.0,
cellular organisms;Bacteria;Proteobacteria;Alphaproteobacteria;Rhizobiales;Xanthobacteraceae;Starkeya;Starkeya novella -> cellular organisms;Bacteria;Proteobacteria;Alphaproteobacteria;Rhizobiales;Xanthobacteraceae;Starkeya;Starkeya novella,1.0,1.0
cellular organisms;Bacteria;Proteobacteria;Alphaproteobacteria;Rhodospirillales;Rhodospirillaceae;Magnetospirillum;Magnetospirillum gryphiswaldense -> cellular organisms;Bacteria;Proteobacteria;Alphaproteobacteria;Rhodospirillales;Rhodospirillaceae;Magnetospirillum;Magnetospirillum gryphiswaldense,1.0,1.0
cellular organisms;Bacteria;Proteobacteria;Alphaproteobacteria;Rhodospirillales;Rhodospirillaceae;Nitrospirillum;Nitrospirillum amazonense -> cellular organisms;Bacteria;Proteobacteria;Alphaproteobacteria;Rhodospirillales;Rhodospirillaceae;Nitrospirillum;Nitrospirillum amazonense,1.0,1.0
cellular organisms;Bacteria;Proteobacteria;Betaproteobacteria;Burkholderiales;Burkholderiaceae;Burkholderia;Burkholderia sp. OLGA172 -> cellular organisms;Bacteria;Proteobacteria;Betaproteobacteria;Burkholderiales;Burkholderiaceae;Burkholderia;Burkholderia sp. OLGA172,1.0,1.0
cellular organisms;Bacteria;Proteobacteria;Betaproteobacteria;Burkholderiales;Burkholderiaceae;Cupriavidus -> cellular organisms;Bacteria;Proteobacteria;Betaproteobacteria;Burkholderiales;Burkholderiaceae;Cupriavidus,1.0,1.0
cellular organisms;Bacteria;Proteobacteria;Betaproteobacteria;Burkholderiales;Burkholderiaceae;Cupriavidus;Cupriavidus sp. NH9 -> cellular organisms;Bacteria;Proteobacteria;Betaproteobacteria;Burkholderiales;Burkholderiaceae;Cupriavidus;Cupriavidus sp. NH9,1.0,1.0
cellular organisms;Bacteria;Proteobacteria;Betaproteobacteria;Burkholderiales;Burkholderiaceae;Pandoraea;Pandoraea faecigallinarum -> cellular organisms;Bacteria;Proteobacteria;Betaproteobacteria;Burkholderiales;Burkholderiaceae;Pandoraea;Pandoraea faecigallinarum,1.0,1.0
cellular organisms;Bacteria;Proteobacteria;Betaproteobacteria;Burkholderiales;Oxalobacteraceae;Collimonas;Collimonas fungivorans -> cellular organisms;Bacteria;Proteobacteria;Betaproteobacteria;Burkholderiales;Oxalobacteraceae;Collimonas;Collimonas fungivorans,1.0,1.0
cellular organisms;Bacteria;Proteobacteria;Betaproteobacteria;Neisseriales;Chromobacteriaceae;Aquaspirillum;Aquaspirillum sp. LM1 -> cellular organisms;Bacteria;Proteobacteria;Betaproteobacteria;Neisseriales;Chromobacteriaceae;Aquaspirillum;Aquaspirillum sp. LM1,1.0,1.0
cellular organisms;Bacteria;Proteobacteria;Gammaproteobacteria -> cellular organisms;Bacteria;Proteobacteria;Gammaproteobacteria,,8.0
cellular organisms;Bacteria;Proteobacteria;Gammaproteobacteria -> cellular organisms;Bacteria;Proteobacteria;Gammaproteobacteria;Enterobacterales;Enterobacteriaceae,1.0,4.0
cellular organisms;Bacteria;Proteobacteria;Gammaproteobacteria -> cellular organisms;Bacteria;Proteobacteria;Gammaproteobacteria;Enterobacterales;Enterobacteriaceae;Enterobacter;Enterobacter cloacae complex,21.0,13.0
cellular organisms;Bacteria;Proteobacteria;Gammaproteobacteria -> cellular organisms;Bacteria;Proteobacteria;Gammaproteobacteria;Enterobacterales;Enterobacteriaceae;Escherichia;Escherichia coli,1.0,
cellular organisms;Bacteria;Proteobacteria;Gammaproteobacteria -> cellular organisms;Bacteria;Proteobacteria;Gammaproteobacteria;Pseudomonadales;Pseudomonadaceae;Pseudomonas;Pseudomonas antarctica,3.0,2.0
cellular organisms;Bacteria;Proteobacteria;Gammaproteobacteria -> cellular organisms;Bacteria;Proteobacteria;Gammaproteobacteria;Pseudomonadales;Pseudomonadaceae;Pseudomonas;Pseudomonas syringae group,1.0,
cellular organisms;Bacteria;Proteobacteria;Gammaproteobacteria;Enterobacterales -> cellular organisms;Bacteria;Proteobacteria;Gammaproteobacteria;Enterobacterales;Enterobacteriaceae,10.0,28.0
cellular organisms;Bacteria;Proteobacteria;Gammaproteobacteria;Enterobacterales -> cellular organisms;Bacteria;Proteobacteria;Gammaproteobacteria;Enterobacterales;Enterobacteriaceae;Enterobacter;Enterobacter cloacae complex,87.0,72.0
cellular organisms;Bacteria;Proteobacteria;Gammaproteobacteria;Enterobacterales -> cellular organisms;Bacteria;Proteobacteria;Gammaproteobacteria;Enterobacterales;Enterobacteriaceae;Escherichia,,1.0
cellular organisms;Bacteria;Proteobacteria;Gammaproteobacteria;Enterobacterales -> cellular organisms;Bacteria;Proteobacteria;Gammaproteobacteria;Enterobacterales;Enterobacteriaceae;Escherichia;Escherichia coli,17.0,13.0
cellular organisms;Bacteria;Proteobacteria;Gammaproteobacteria;Enterobacterales;Enterobacteriaceae -> cellular organisms;Bacteria;Proteobacteria;Gammaproteobacteria;Enterobacterales;Enterobacteriaceae,1583.0,3112.0
cellular organisms;Bacteria;Proteobacteria;Gammaproteobacteria;Enterobacterales;Enterobacteriaceae -> cellular organisms;Bacteria;Proteobacteria;Gammaproteobacteria;Enterobacterales;Enterobacteriaceae;Cedecea;Cedecea neteri,2.0,2.0
cellular organisms;Bacteria;Proteobacteria;Gammaproteobacteria;Enterobacterales;Enterobacteriaceae -> cellular organisms;Bacteria;Proteobacteria;Gammaproteobacteria;Enterobacterales;Enterobacteriaceae;Citrobacter;Citrobacter amalonaticus,2.0,2.0
cellular organisms;Bacteria;Proteobacteria;Gammaproteobacteria;Enterobacterales;Enterobacteriaceae -> cellular organisms;Bacteria;Proteobacteria;Gammaproteobacteria;Enterobacterales;Enterobacteriaceae;Citrobacter;Citrobacter farmeri,2.0,2.0
cellular organisms;Bacteria;Proteobacteria;Gammaproteobacteria;Enterobacterales;Enterobacteriaceae -> cellular organisms;Bacteria;Proteobacteria;Gammaproteobacteria;Enterobacterales;Enterobacteriaceae;Citrobacter;Citrobacter freundii complex,9.0,5.0
cellular organisms;Bacteria;Proteobacteria;Gammaproteobacteria;Enterobacterales;Enterobacteriaceae -> cellular organisms;Bacteria;Proteobacteria;Gammaproteobacteria;Enterobacterales;Enterobacteriaceae;Citrobacter;Citrobacter rodentium,2.0,
cellular organisms;Bacteria;Proteobacteria;Gammaproteobacteria;Enterobacterales;Enterobacteriaceae -> cellular organisms;Bacteria;Proteobacteria;Gammaproteobacteria;Enterobacterales;Enterobacteriaceae;Cronobacter;Cronobacter sakazakii,5.0,5.0
cellular organisms;Bacteria;Proteobacteria;Gammaproteobacteria;Enterobacterales;Enterobacteriaceae -> cellular organisms;Bacteria;Proteobacteria;Gammaproteobacteria;Enterobacterales;Enterobacteriaceae;Enterobacter;Enterobacter cloacae complex,765.0,642.0
cellular organisms;Bacteria;Proteobacteria;Gammaproteobacteria;Enterobacterales;Enterobacteriaceae -> cellular organisms;Bacteria;Proteobacteria;Gammaproteobacteria;Enterobacterales;Enterobacteriaceae;Escherichia,240.0,243.0
cellular organisms;Bacteria;Proteobacteria;Gammaproteobacteria;Enterobacterales;Enterobacteriaceae -> cellular organisms;Bacteria;Proteobacteria;Gammaproteobacteria;Enterobacterales;Enterobacteriaceae;Escherichia;Escherichia albertii,23.0,18.0
cellular organisms;Bacteria;Proteobacteria;Gammaproteobacteria;Enterobacterales;Enterobacteriaceae -> cellular organisms;Bacteria;Proteobacteria;Gammaproteobacteria;Enterobacterales;Enterobacteriaceae;Escherichia;Escherichia coli,9221.0,7846.0
cellular organisms;Bacteria;Proteobacteria;Gammaproteobacteria;Enterobacterales;Enterobacteriaceae -> cellular organisms;Bacteria;Proteobacteria;Gammaproteobacteria;Enterobacterales;Enterobacteriaceae;Escherichia;Escherichia fergusonii,15.0,7.0
cellular organisms;Bacteria;Proteobacteria;Gammaproteobacteria;Enterobacterales;Enterobacteriaceae -> cellular organisms;Bacteria;Proteobacteria;Gammaproteobacteria;Enterobacterales;Enterobacteriaceae;Escherichia;Escherichia marmotae,9.0,7.0
cellular organisms;Bacteria;Proteobacteria;Gammaproteobacteria;Enterobacterales;Enterobacteriaceae -> cellular organisms;Bacteria;Proteobacteria;Gammaproteobacteria;Enterobacterales;Enterobacteriaceae;Klebsiella,4.0,2.0
cellular organisms;Bacteria;Proteobacteria;Gammaproteobacteria;Enterobacterales;Enterobacteriaceae -> cellular organisms;Bacteria;Proteobacteria;Gammaproteobacteria;Enterobacterales;Enterobacteriaceae;Klebsiella;Klebsiella oxytoca,4.0,4.0
cellular organisms;Bacteria;Proteobacteria;Gammaproteobacteria;Enterobacterales;Enterobacteriaceae -> cellular organisms;Bacteria;Proteobacteria;Gammaproteobacteria;Enterobacterales;Enterobacteriaceae;Klebsiella;Klebsiella pneumoniae,9.0,6.0
cellular organisms;Bacteria;Proteobacteria;Gammaproteobacteria;Enterobacterales;Enterobacteriaceae -> cellular organisms;Bacteria;Proteobacteria;Gammaproteobacteria;Enterobacterales;Enterobacteriaceae;Raoultella;Raoultella ornithinolytica,7.0,7.0
cellular organisms;Bacteria;Proteobacteria;Gammaproteobacteria;Enterobacterales;Enterobacteriaceae -> cellular organisms;Bacteria;Proteobacteria;Gammaproteobacteria;Enterobacterales;Enterobacteriaceae;Salmonella;Salmonella enterica,15.0,7.0
cellular organisms;Bacteria;Proteobacteria;Gammaproteobacteria;Enterobacterales;Enterobacteriaceae -> cellular organisms;Bacteria;Proteobacteria;Gammaproteobacteria;Enterobacterales;Enterobacteriaceae;unclassified Enterobacteriaceae;unclassified Enterobacteriaceae (miscellaneous),5.0,5.0
cellular organisms;Bacteria;Proteobacteria;Gammaproteobacteria;Enterobacterales;Enterobacteriaceae;Cedecea;Cedecea neteri -> cellular organisms;Bacteria;Proteobacteria;Gammaproteobacteria;Enterobacterales;Enterobacteriaceae;Cedecea;Cedecea neteri,1.0,1.0
cellular organisms;Bacteria;Proteobacteria;Gammaproteobacteria;Enterobacterales;Enterobacteriaceae;Citrobacter -> cellular organisms;Bacteria;Proteobacteria;Gammaproteobacteria;Enterobacterales;Enterobacteriaceae;Citrobacter,6.0,6.0
cellular organisms;Bacteria;Proteobacteria;Gammaproteobacteria;Enterobacterales;Enterobacteriaceae;Citrobacter;Citrobacter amalonaticus -> cellular organisms;Bacteria;Proteobacteria;Gammaproteobacteria;Enterobacterales;Enterobacteriaceae;Citrobacter;Citrobacter amalonaticus,3.0,3.0
cellular organisms;Bacteria;Proteobacteria;Gammaproteobacteria;Enterobacterales;Enterobacteriaceae;Citrobacter;Citrobacter farmeri -> cellular organisms;Bacteria;Proteobacteria;Gammaproteobacteria;Enterobacterales;Enterobacteriaceae;Citrobacter;Citrobacter farmeri,2.0,2.0
cellular organisms;Bacteria;Proteobacteria;Gammaproteobacteria;Enterobacterales;Enterobacteriaceae;Citrobacter;Citrobacter freundii complex -> cellular organisms;Bacteria;Proteobacteria;Gammaproteobacteria;Enterobacterales;Enterobacteriaceae;Citrobacter;Citrobacter freundii complex,19.0,19.0
cellular organisms;Bacteria;Proteobacteria;Gammaproteobacteria;Enterobacterales;Enterobacteriaceae;Citrobacter;Citrobacter koseri -> cellular organisms;Bacteria;Proteobacteria;Gammaproteobacteria;Enterobacterales;Enterobacteriaceae;Citrobacter;Citrobacter koseri,4.0,4.0
cellular organisms;Bacteria;Proteobacteria;Gammaproteobacteria;Enterobacterales;Enterobacteriaceae;Citrobacter;Citrobacter rodentium -> cellular organisms;Bacteria;Proteobacteria;Gammaproteobacteria;Enterobacterales;Enterobacteriaceae;Citrobacter;Citrobacter rodentium,3.0,3.0
cellular organisms;Bacteria;Proteobacteria;Gammaproteobacteria;Enterobacterales;Enterobacteriaceae;Citrobacter;Citrobacter sp. FDAARGOS_156 -> cellular organisms;Bacteria;Proteobacteria;Gammaproteobacteria;Enterobacterales;Enterobacteriaceae;Citrobacter;Citrobacter sp. FDAARGOS_156,1.0,1.0
cellular organisms;Bacteria;Proteobacteria;Gammaproteobacteria;Enterobacterales;Enterobacteriaceae;Cronobacter;Cronobacter muytjensii -> cellular organisms;Bacteria;Proteobacteria;Gammaproteobacteria;Enterobacterales;Enterobacteriaceae;Cronobacter;Cronobacter muytjensii,1.0,1.0
cellular organisms;Bacteria;Proteobacteria;Gammaproteobacteria;Enterobacterales;Enterobacteriaceae;Cronobacter;Cronobacter sakazakii -> cellular organisms;Bacteria;Proteobacteria;Gammaproteobacteria;Enterobacterales;Enterobacteriaceae;Cronobacter;Cronobacter sakazakii,1.0,1.0
cellular organisms;Bacteria;Proteobacteria;Gammaproteobacteria;Enterobacterales;Enterobacteriaceae;Cronobacter;Cronobacter universalis -> cellular organisms;Bacteria;Proteobacteria;Gammaproteobacteria;Enterobacterales;Enterobacteriaceae;Cronobacter;Cronobacter universalis,1.0,1.0
cellular organisms;Bacteria;Proteobacteria;Gammaproteobacteria;Enterobacterales;Enterobacteriaceae;Enterobacter -> cellular organisms;Bacteria;Proteobacteria;Gammaproteobacteria;Enterobacterales;Enterobacteriaceae;Enterobacter;Enterobacter cloacae complex,61.0,61.0
cellular organisms;Bacteria;Proteobacteria;Gammaproteobacteria;Enterobacterales;Enterobacteriaceae;Enterobacter;Enterobacter cloacae complex -> cellular organisms;Bacteria;Proteobacteria;Gammaproteobacteria;Enterobacterales;Enterobacteriaceae;Enterobacter;Enterobacter cloacae complex,9783.0,9783.0
cellular organisms;Bacteria;Proteobacteria;Gammaproteobacteria;Enterobacterales;Enterobacteriaceae;Enterobacter;Enterobacter sp. 638 -> cellular organisms;Bacteria;Proteobacteria;Gammaproteobacteria;Enterobacterales;Enterobacteriaceae;Enterobacter;Enterobacter sp. 638,2.0,2.0
cellular organisms;Bacteria;Proteobacteria;Gammaproteobacteria;Enterobacterales;Enterobacteriaceae;Enterobacter;Enterobacter sp. FY-07 -> cellular organisms;Bacteria;Proteobacteria;Gammaproteobacteria;Enterobacterales;Enterobacteriaceae;Enterobacter;Enterobacter sp. FY-07,2.0,2.0
cellular organisms;Bacteria;Proteobacteria;Gammaproteobacteria;Enterobacterales;Enterobacteriaceae;Enterobacter;Enterobacter sp. R4-368 -> cellular organisms;Bacteria;Proteobacteria;Gammaproteobacteria;Enterobacterales;Enterobacteriaceae;Enterobacter;Enterobacter sp. R4-368,1.0,1.0
cellular organisms;Bacteria;Proteobacteria;Gammaproteobacteria;Enterobacterales;Enterobacteriaceae;Escherichia -> cellular organisms;Bacteria;Proteobacteria;Gammaproteobacteria;Enterobacterales;Enterobacteriaceae;Escherichia,22.0,25.0
cellular organisms;Bacteria;Proteobacteria;Gammaproteobacteria;Enterobacterales;Enterobacteriaceae;Escherichia -> cellular organisms;Bacteria;Proteobacteria;Gammaproteobacteria;Enterobacterales;Enterobacteriaceae;Escherichia;Escherichia coli,201.0,198.0
cellular organisms;Bacteria;Proteobacteria;Gammaproteobacteria;Enterobacterales;Enterobacteriaceae;Escherichia -> cellular organisms;Bacteria;Proteobacteria;Gammaproteobacteria;Enterobacterales;Enterobacteriaceae;Escherichia;Escherichia marmotae,1.0,1.0
cellular organisms;Bacteria;Proteobacteria;Gammaproteobacteria;Enterobacterales;Enterobacteriaceae;Escherichia;Escherichia albertii -> cellular organisms;Bacteria;Proteobacteria;Gammaproteobacteria;Enterobacterales;Enterobacteriaceae;Escherichia;Escherichia albertii,41.0,41.0
cellular organisms;Bacteria;Proteobacteria;Gammaproteobacteria;Enterobacterales;Enterobacteriaceae;Escherichia;Escherichia coli -> cellular organisms;Bacteria;Proteobacteria;Gammaproteobacteria;Enterobacterales;Enterobacteriaceae;Escherichia;Escherichia coli,8898.0,8898.0
cellular organisms;Bacteria;Proteobacteria;Gammaproteobacteria;Enterobacterales;Enterobacteriaceae;Escherichia;Escherichia fergusonii -> cellular organisms;Bacteria;Proteobacteria;Gammaproteobacteria;Enterobacterales;Enterobacteriaceae;Escherichia;Escherichia fergusonii,26.0,26.0
cellular organisms;Bacteria;Proteobacteria;Gammaproteobacteria;Enterobacterales;Enterobacteriaceae;Escherichia;Escherichia marmotae -> cellular organisms;Bacteria;Proteobacteria;Gammaproteobacteria;Enterobacterales;Enterobacteriaceae;Escherichia;Escherichia marmotae,22.0,22.0
cellular organisms;Bacteria;Proteobacteria;Gammaproteobacteria;Enterobacterales;Enterobacteriaceae;Klebsiella -> cellular organisms;Bacteria;Proteobacteria;Gammaproteobacteria;Enterobacterales;Enterobacteriaceae;Klebsiella,3.0,3.0
cellular organisms;Bacteria;Proteobacteria;Gammaproteobacteria;Enterobacterales;Enterobacteriaceae;Klebsiella;Klebsiella aerogenes -> cellular organisms;Bacteria;Proteobacteria;Gammaproteobacteria;Enterobacterales;Enterobacteriaceae;Klebsiella;Klebsiella aerogenes,2.0,2.0
cellular organisms;Bacteria;Proteobacteria;Gammaproteobacteria;Enterobacterales;Enterobacteriaceae;Klebsiella;Klebsiella oxytoca -> cellular organisms;Bacteria;Proteobacteria;Gammaproteobacteria;Enterobacterales;Enterobacteriaceae;Klebsiella;Klebsiella oxytoca,4.0,4.0
cellular organisms;Bacteria;Proteobacteria;Gammaproteobacteria;Enterobacterales;Enterobacteriaceae;Klebsiella;Klebsiella pneumoniae -> cellular organisms;Bacteria;Proteobacteria;Gammaproteobacteria;Enterobacterales;Enterobacteriaceae;Klebsiella;Klebsiella pneumoniae,10.0,10.0
cellular organisms;Bacteria;Proteobacteria;Gammaproteobacteria;Enterobacterales;Enterobacteriaceae;Kosakonia;Kosakonia cowanii -> cellular organisms;Bacteria;Proteobacteria;Gammaproteobacteria;Enterobacterales;Enterobacteriaceae;Kosakonia;Kosakonia cowanii,1.0,1.0
cellular organisms;Bacteria;Proteobacteria;Gammaproteobacteria;Enterobacterales;Enterobacteriaceae;Kosakonia;Kosakonia oryzae -> cellular organisms;Bacteria;Proteobacteria;Gammaproteobacteria;Enterobacterales;Enterobacteriaceae;Kosakonia;Kosakonia oryzae,1.0,1.0
cellular organisms;Bacteria;Proteobacteria;Gammaproteobacteria;Enterobacterales;Enterobacteriaceae;Kosakonia;Kosakonia radicincitans -> cellular organisms;Bacteria;Proteobacteria;Gammaproteobacteria;Enterobacterales;Enterobacteriaceae;Kosakonia;Kosakonia radicincitans,4.0,4.0
cellular organisms;Bacteria;Proteobacteria;Gammaproteobacteria;Enterobacterales;Enterobacteriaceae;Kosakonia;Kosakonia sacchari -> cellular organisms;Bacteria;Proteobacteria;Gammaproteobacteria;Enterobacterales;Enterobacteriaceae;Kosakonia;Kosakonia sacchari,3.0,3.0
cellular organisms;Bacteria;Proteobacteria;Gammaproteobacteria;Enterobacterales;Enterobacteriaceae;Leclercia;Leclercia adecarboxylata -> cellular organisms;Bacteria;Proteobacteria;Gammaproteobacteria;Enterobacterales;Enterobacteriaceae;Leclercia;Leclercia adecarboxylata,1.0,1.0
cellular organisms;Bacteria;Proteobacteria;Gammaproteobacteria;Enterobacterales;Enterobacteriaceae;Lelliottia;Lelliottia amnigena -> cellular organisms;Bacteria;Proteobacteria;Gammaproteobacteria;Enterobacterales;Enterobacteriaceae;Lelliottia;Lelliottia amnigena,3.0,3.0
cellular organisms;Bacteria;Proteobacteria;Gammaproteobacteria;Enterobacterales;Enterobacteriaceae;Lelliottia;Lelliottia sp. PFL01 -> cellular organisms;Bacteria;Proteobacteria;Gammaproteobacteria;Enterobacterales;Enterobacteriaceae;Lelliottia;Lelliottia sp. PFL01,1.0,1.0
cellular organisms;Bacteria;Proteobacteria;Gammaproteobacteria;Enterobacterales;Enterobacteriaceae;Pluralibacter;Pluralibacter gergoviae -> cellular organisms;Bacteria;Proteobacteria;Gammaproteobacteria;Enterobacterales;Enterobacteriaceae;Pluralibacter;Pluralibacter gergoviae,1.0,1.0
cellular organisms;Bacteria;Proteobacteria;Gammaproteobacteria;Enterobacterales;Enterobacteriaceae;Raoultella -> cellular organisms;Bacteria;Proteobacteria;Gammaproteobacteria;Enterobacterales;Enterobacteriaceae;Raoultella,2.0,2.0
cellular organisms;Bacteria;Proteobacteria;Gammaproteobacteria;Enterobacterales;Enterobacteriaceae;Raoultella;Raoultella ornithinolytica -> cellular organisms;Bacteria;Proteobacteria;Gammaproteobacteria;Enterobacterales;Enterobacteriaceae;Raoultella;Raoultella ornithinolytica,4.0,4.0
cellular organisms;Bacteria;Proteobacteria;Gammaproteobacteria;Enterobacterales;Enterobacteriaceae;Raoultella;Raoultella planticola -> cellular organisms;Bacteria;Proteobacteria;Gammaproteobacteria;Enterobacterales;Enterobacteriaceae;Raoultella;Raoultella planticola,1.0,1.0
cellular organisms;Bacteria;Proteobacteria;Gammaproteobacteria;Enterobacterales;Enterobacteriaceae;Salmonella -> cellular organisms;Bacteria;Proteobacteria;Gammaproteobacteria;Enterobacterales;Enterobacteriaceae;Salmonella,1.0,1.0
cellular organisms;Bacteria;Proteobacteria;Gammaproteobacteria;Enterobacterales;Enterobacteriaceae;Salmonella;Salmonella bongori -> cellular organisms;Bacteria;Proteobacteria;Gammaproteobacteria;Enterobacterales;Enterobacteriaceae;Salmonella;Salmonella bongori,2.0,2.0
cellular organisms;Bacteria;Proteobacteria;Gammaproteobacteria;Enterobacterales;Enterobacteriaceae;Salmonella;Salmonella enterica -> cellular organisms;Bacteria;Proteobacteria;Gammaproteobacteria;Enterobacterales;Enterobacteriaceae;Salmonella;Salmonella enterica,20.0,20.0
cellular organisms;Bacteria;Proteobacteria;Gammaproteobacteria;Enterobacterales;Enterobacteriaceae;Shigella;Shigella dysenteriae -> cellular organisms;Bacteria;Proteobacteria;Gammaproteobacteria;Enterobacterales;Enterobacteriaceae;Shigella;Shigella dysenteriae,9.0,9.0
cellular organisms;Bacteria;Proteobacteria;Gammaproteobacteria;Enterobacterales;Enterobacteriaceae;Shigella;Shigella flexneri -> cellular organisms;Bacteria;Proteobacteria;Gammaproteobacteria;Enterobacterales;Enterobacteriaceae;Shigella;Shigella flexneri,21.0,21.0
"cellular organisms;Bacteria;Proteobacteria;Gammaproteobacteria;Enterobacterales;Enterobacteriaceae;unclassified Enterobacteriaceae;ant, tsetse, mealybug, aphid, etc. endosymbionts -> cellular organisms;Bacteria;Proteobacteria;Gammaproteobacteria;Enterobacterales;Enterobacteriaceae;unclassified Enterobacteriaceae;ant, tsetse, mealybug, aphid, etc. endosymbionts",1.0,1.0
cellular organisms;Bacteria;Proteobacteria;Gammaproteobacteria;Enterobacterales;Enterobacteriaceae;unclassified Enterobacteriaceae;unclassified Enterobacteriaceae (miscellaneous) -> cellular organisms;Bacteria;Proteobacteria;Gammaproteobacteria;Enterobacterales;Enterobacteriaceae;unclassified Enterobacteriaceae;unclassified Enterobacteriaceae (miscellaneous),4.0,4.0
cellular organisms;Bacteria;Proteobacteria;Gammaproteobacteria;Enterobacterales;Yersiniaceae;Serratia -> cellular organisms;Bacteria;Proteobacteria;Gammaproteobacteria;Enterobacterales;Yersiniaceae;Serratia,1.0,1.0
cellular organisms;Bacteria;Proteobacteria;Gammaproteobacteria;Enterobacterales;Yersiniaceae;Serratia;Serratia fonticola -> cellular organisms;Bacteria;Proteobacteria;Gammaproteobacteria;Enterobacterales;Yersiniaceae;Serratia;Serratia fonticola,1.0,1.0
cellular organisms;Bacteria;Proteobacteria;Gammaproteobacteria;Oceanospirillales;Halomonadaceae;Halomonas;Halomonas huangheensis -> cellular organisms;Bacteria;Proteobacteria;Gammaproteobacteria;Oceanospirillales;Halomonadaceae;Halomonas;Halomonas huangheensis,1.0,1.0
cellular organisms;Bacteria;Proteobacteria;Gammaproteobacteria;Oceanospirillales;Halomonadaceae;Halomonas;Halomonas hydrothermalis -> cellular organisms;Bacteria;Proteobacteria;Gammaproteobacteria;Oceanospirillales;Halomonadaceae;Halomonas;Halomonas hydrothermalis,1.0,1.0
cellular organisms;Bacteria;Proteobacteria;Gammaproteobacteria;Pseudomonadales;Pseudomonadaceae;Pseudomonas -> cellular organisms;Bacteria;Proteobacteria;Gammaproteobacteria;Pseudomonadales;Pseudomonadaceae;Pseudomonas,337.0,411.0
cellular organisms;Bacteria;Proteobacteria;Gammaproteobacteria;Pseudomonadales;Pseudomonadaceae;Pseudomonas -> cellular organisms;Bacteria;Proteobacteria;Gammaproteobacteria;Pseudomonadales;Pseudomonadaceae;Pseudomonas;Pseudomonas aeruginosa group,1.0,1.0
cellular organisms;Bacteria;Proteobacteria;Gammaproteobacteria;Pseudomonadales;Pseudomonadaceae;Pseudomonas -> cellular organisms;Bacteria;Proteobacteria;Gammaproteobacteria;Pseudomonadales;Pseudomonadaceae;Pseudomonas;Pseudomonas antarctica,256.0,200.0
cellular organisms;Bacteria;Proteobacteria;Gammaproteobacteria;Pseudomonadales;Pseudomonadaceae;Pseudomonas -> cellular organisms;Bacteria;Proteobacteria;Gammaproteobacteria;Pseudomonadales;Pseudomonadaceae;Pseudomonas;Pseudomonas chlororaphis group,3.0,3.0
cellular organisms;Bacteria;Proteobacteria;Gammaproteobacteria;Pseudomonadales;Pseudomonadaceae;Pseudomonas -> cellular organisms;Bacteria;Proteobacteria;Gammaproteobacteria;Pseudomonadales;Pseudomonadaceae;Pseudomonas;Pseudomonas fluorescens group,39.0,24.0
cellular organisms;Bacteria;Proteobacteria;Gammaproteobacteria;Pseudomonadales;Pseudomonadaceae;Pseudomonas -> cellular organisms;Bacteria;Proteobacteria;Gammaproteobacteria;Pseudomonadales;Pseudomonadaceae;Pseudomonas;Pseudomonas frederiksbergensis,2.0,2.0
cellular organisms;Bacteria;Proteobacteria;Gammaproteobacteria;Pseudomonadales;Pseudomonadaceae;Pseudomonas -> cellular organisms;Bacteria;Proteobacteria;Gammaproteobacteria;Pseudomonadales;Pseudomonadaceae;Pseudomonas;Pseudomonas putida group,2.0,1.0
cellular organisms;Bacteria;Proteobacteria;Gammaproteobacteria;Pseudomonadales;Pseudomonadaceae;Pseudomonas -> cellular organisms;Bacteria;Proteobacteria;Gammaproteobacteria;Pseudomonadales;Pseudomonadaceae;Pseudomonas;Pseudomonas silesiensis,1.0,
cellular organisms;Bacteria;Proteobacteria;Gammaproteobacteria;Pseudomonadales;Pseudomonadaceae;Pseudomonas -> cellular organisms;Bacteria;Proteobacteria;Gammaproteobacteria;Pseudomonadales;Pseudomonadaceae;Pseudomonas;Pseudomonas sp. NC02,1.0,1.0
cellular organisms;Bacteria;Proteobacteria;Gammaproteobacteria;Pseudomonadales;Pseudomonadaceae;Pseudomonas -> cellular organisms;Bacteria;Proteobacteria;Gammaproteobacteria;Pseudomonadales;Pseudomonadaceae;Pseudomonas;Pseudomonas syringae group,2.0,1.0
cellular organisms;Bacteria;Proteobacteria;Gammaproteobacteria;Pseudomonadales;Pseudomonadaceae;Pseudomonas;Pseudomonas aeruginosa group -> cellular organisms;Bacteria;Proteobacteria;Gammaproteobacteria;Pseudomonadales;Pseudomonadaceae;Pseudomonas;Pseudomonas aeruginosa group,36.0,36.0
cellular organisms;Bacteria;Proteobacteria;Gammaproteobacteria;Pseudomonadales;Pseudomonadaceae;Pseudomonas;Pseudomonas alcaliphila -> cellular organisms;Bacteria;Proteobacteria;Gammaproteobacteria;Pseudomonadales;Pseudomonadaceae;Pseudomonas;Pseudomonas alcaliphila,3.0,3.0
cellular organisms;Bacteria;Proteobacteria;Gammaproteobacteria;Pseudomonadales;Pseudomonadaceae;Pseudomonas;Pseudomonas alkylphenolica -> cellular organisms;Bacteria;Proteobacteria;Gammaproteobacteria;Pseudomonadales;Pseudomonadaceae;Pseudomonas;Pseudomonas alkylphenolica,4.0,4.0
cellular organisms;Bacteria;Proteobacteria;Gammaproteobacteria;Pseudomonadales;Pseudomonadaceae;Pseudomonas;Pseudomonas antarctica -> cellular organisms;Bacteria;Proteobacteria;Gammaproteobacteria;Pseudomonadales;Pseudomonadaceae;Pseudomonas;Pseudomonas antarctica,10202.0,10202.0
cellular organisms;Bacteria;Proteobacteria;Gammaproteobacteria;Pseudomonadales;Pseudomonadaceae;Pseudomonas;Pseudomonas brassicacearum -> cellular organisms;Bacteria;Proteobacteria;Gammaproteobacteria;Pseudomonadales;Pseudomonadaceae;Pseudomonas;Pseudomonas brassicacearum,20.0,20.0
cellular organisms;Bacteria;Proteobacteria;Gammaproteobacteria;Pseudomonadales;Pseudomonadaceae;Pseudomonas;Pseudomonas cerasi -> cellular organisms;Bacteria;Proteobacteria;Gammaproteobacteria;Pseudomonadales;Pseudomonadaceae;Pseudomonas;Pseudomonas cerasi,4.0,4.0
cellular organisms;Bacteria;Proteobacteria;Gammaproteobacteria;Pseudomonadales;Pseudomonadaceae;Pseudomonas;Pseudomonas chlororaphis group -> cellular organisms;Bacteria;Proteobacteria;Gammaproteobacteria;Pseudomonadales;Pseudomonadaceae;Pseudomonas;Pseudomonas chlororaphis group,95.0,95.0
cellular organisms;Bacteria;Proteobacteria;Gammaproteobacteria;Pseudomonadales;Pseudomonadaceae;Pseudomonas;Pseudomonas cremoricolorata -> cellular organisms;Bacteria;Proteobacteria;Gammaproteobacteria;Pseudomonadales;Pseudomonadaceae;Pseudomonas;Pseudomonas cremoricolorata,5.0,5.0
cellular organisms;Bacteria;Proteobacteria;Gammaproteobacteria;Pseudomonadales;Pseudomonadaceae;Pseudomonas;Pseudomonas entomophila -> cellular organisms;Bacteria;Proteobacteria;Gammaproteobacteria;Pseudomonadales;Pseudomonadaceae;Pseudomonas;Pseudomonas entomophila,3.0,3.0
cellular organisms;Bacteria;Proteobacteria;Gammaproteobacteria;Pseudomonadales;Pseudomonadaceae;Pseudomonas;Pseudomonas fluorescens group -> cellular organisms;Bacteria;Proteobacteria;Gammaproteobacteria;Pseudomonadales;Pseudomonadaceae;Pseudomonas;Pseudomonas fluorescens group,2452.0,2452.0
cellular organisms;Bacteria;Proteobacteria;Gammaproteobacteria;Pseudomonadales;Pseudomonadaceae;Pseudomonas;Pseudomonas frederiksbergensis -> cellular organisms;Bacteria;Proteobacteria;Gammaproteobacteria;Pseudomonadales;Pseudomonadaceae;Pseudomonas;Pseudomonas frederiksbergensis,25.0,25.0
cellular organisms;Bacteria;Proteobacteria;Gammaproteobacteria;Pseudomonadales;Pseudomonadaceae;Pseudomonas;Pseudomonas koreensis -> cellular organisms;Bacteria;Proteobacteria;Gammaproteobacteria;Pseudomonadales;Pseudomonadaceae;Pseudomonas;Pseudomonas koreensis,44.0,44.0
cellular organisms;Bacteria;Proteobacteria;Gammaproteobacteria;Pseudomonadales;Pseudomonadaceae;Pseudomonas;Pseudomonas parafulva -> cellular organisms;Bacteria;Proteobacteria;Gammaproteobacteria;Pseudomonadales;Pseudomonadaceae;Pseudomonas;Pseudomonas parafulva,6.0,6.0
cellular organisms;Bacteria;Proteobacteria;Gammaproteobacteria;Pseudomonadales;Pseudomonadaceae;Pseudomonas;Pseudomonas psychrotolerans -> cellular organisms;Bacteria;Proteobacteria;Gammaproteobacteria;Pseudomonadales;Pseudomonadaceae;Pseudomonas;Pseudomonas psychrotolerans,4.0,4.0
cellular organisms;Bacteria;Proteobacteria;Gammaproteobacteria;Pseudomonadales;Pseudomonadaceae;Pseudomonas;Pseudomonas putida group -> cellular organisms;Bacteria;Proteobacteria;Gammaproteobacteria;Pseudomonadales;Pseudomonadaceae;Pseudomonas;Pseudomonas putida group,78.0,78.0
cellular organisms;Bacteria;Proteobacteria;Gammaproteobacteria;Pseudomonadales;Pseudomonadaceae;Pseudomonas;Pseudomonas rhizosphaerae -> cellular organisms;Bacteria;Proteobacteria;Gammaproteobacteria;Pseudomonadales;Pseudomonadaceae;Pseudomonas;Pseudomonas rhizosphaerae,7.0,7.0
cellular organisms;Bacteria;Proteobacteria;Gammaproteobacteria;Pseudomonadales;Pseudomonadaceae;Pseudomonas;Pseudomonas silesiensis -> cellular organisms;Bacteria;Proteobacteria;Gammaproteobacteria;Pseudomonadales;Pseudomonadaceae;Pseudomonas;Pseudomonas silesiensis,17.0,17.0
cellular organisms;Bacteria;Proteobacteria;Gammaproteobacteria;Pseudomonadales;Pseudomonadaceae;Pseudomonas;Pseudomonas sp. CC6-YY-74 -> cellular organisms;Bacteria;Proteobacteria;Gammaproteobacteria;Pseudomonadales;Pseudomonadaceae;Pseudomonas;Pseudomonas sp. CC6-YY-74,5.0,5.0
cellular organisms;Bacteria;Proteobacteria;Gammaproteobacteria;Pseudomonadales;Pseudomonadaceae;Pseudomonas;Pseudomonas sp. DR 5-09 -> cellular organisms;Bacteria;Proteobacteria;Gammaproteobacteria;Pseudomonadales;Pseudomonadaceae;Pseudomonas;Pseudomonas sp. DR 5-09,4.0,4.0
cellular organisms;Bacteria;Proteobacteria;Gammaproteobacteria;Pseudomonadales;Pseudomonadaceae;Pseudomonas;Pseudomonas sp. FDAARGOS_380 -> cellular organisms;Bacteria;Proteobacteria;Gammaproteobacteria;Pseudomonadales;Pseudomonadaceae;Pseudomonas;Pseudomonas sp. FDAARGOS_380,90.0,90.0
cellular organisms;Bacteria;Proteobacteria;Gammaproteobacteria;Pseudomonadales;Pseudomonadaceae;Pseudomonas;Pseudomonas sp. GR 6-02 -> cellular organisms;Bacteria;Proteobacteria;Gammaproteobacteria;Pseudomonadales;Pseudomonadaceae;Pseudomonas;Pseudomonas sp. GR 6-02,3.0,3.0
cellular organisms;Bacteria;Proteobacteria;Gammaproteobacteria;Pseudomonadales;Pseudomonadaceae;Pseudomonas;Pseudomonas sp. HLS-6 -> cellular organisms;Bacteria;Proteobacteria;Gammaproteobacteria;Pseudomonadales;Pseudomonadaceae;Pseudomonas;Pseudomonas sp. HLS-6,7.0,7.0
cellular organisms;Bacteria;Proteobacteria;Gammaproteobacteria;Pseudomonadales;Pseudomonadaceae;Pseudomonas;Pseudomonas sp. JY-Q -> cellular organisms;Bacteria;Proteobacteria;Gammaproteobacteria;Pseudomonadales;Pseudomonadaceae;Pseudomonas;Pseudomonas sp. JY-Q,1.0,1.0
cellular organisms;Bacteria;Proteobacteria;Gammaproteobacteria;Pseudomonadales;Pseudomonadaceae;Pseudomonas;Pseudomonas sp. LPH1 -> cellular organisms;Bacteria;Proteobacteria;Gammaproteobacteria;Pseudomonadales;Pseudomonadaceae;Pseudomonas;Pseudomonas sp. LPH1,1.0,1.0
cellular organisms;Bacteria;Proteobacteria;Gammaproteobacteria;Pseudomonadales;Pseudomonadaceae;Pseudomonas;Pseudomonas sp. M30-35 -> cellular organisms;Bacteria;Proteobacteria;Gammaproteobacteria;Pseudomonadales;Pseudomonadaceae;Pseudomonas;Pseudomonas sp. M30-35,4.0,4.0
cellular organisms;Bacteria;Proteobacteria;Gammaproteobacteria;Pseudomonadales;Pseudomonadaceae;Pseudomonas;Pseudomonas sp. MRSN12121 -> cellular organisms;Bacteria;Proteobacteria;Gammaproteobacteria;Pseudomonadales;Pseudomonadaceae;Pseudomonas;Pseudomonas sp. MRSN12121,4.0,4.0
cellular organisms;Bacteria;Proteobacteria;Gammaproteobacteria;Pseudomonadales;Pseudomonadaceae;Pseudomonas;Pseudomonas sp. NC02 -> cellular organisms;Bacteria;Proteobacteria;Gammaproteobacteria;Pseudomonadales;Pseudomonadaceae;Pseudomonas;Pseudomonas sp. NC02,87.0,87.0
cellular organisms;Bacteria;Proteobacteria;Gammaproteobacteria;Pseudomonadales;Pseudomonadaceae;Pseudomonas;Pseudomonas sp. Os17 -> cellular organisms;Bacteria;Proteobacteria;Gammaproteobacteria;Pseudomonadales;Pseudomonadaceae;Pseudomonas;Pseudomonas sp. Os17,3.0,3.0
cellular organisms;Bacteria;Proteobacteria;Gammaproteobacteria;Pseudomonadales;Pseudomonadaceae;Pseudomonas;Pseudomonas sp. St29 -> cellular organisms;Bacteria;Proteobacteria;Gammaproteobacteria;Pseudomonadales;Pseudomonadaceae;Pseudomonas;Pseudomonas sp. St29,9.0,9.0
cellular organisms;Bacteria;Proteobacteria;Gammaproteobacteria;Pseudomonadales;Pseudomonadaceae;Pseudomonas;Pseudomonas sp. StFLB209 -> cellular organisms;Bacteria;Proteobacteria;Gammaproteobacteria;Pseudomonadales;Pseudomonadaceae;Pseudomonas;Pseudomonas sp. StFLB209,10.0,10.0
cellular organisms;Bacteria;Proteobacteria;Gammaproteobacteria;Pseudomonadales;Pseudomonadaceae;Pseudomonas;Pseudomonas sp. TCU-HL1 -> cellular organisms;Bacteria;Proteobacteria;Gammaproteobacteria;Pseudomonadales;Pseudomonadaceae;Pseudomonas;Pseudomonas sp. TCU-HL1,4.0,4.0
cellular organisms;Bacteria;Proteobacteria;Gammaproteobacteria;Pseudomonadales;Pseudomonadaceae;Pseudomonas;Pseudomonas sp. TKP -> cellular organisms;Bacteria;Proteobacteria;Gammaproteobacteria;Pseudomonadales;Pseudomonadaceae;Pseudomonas;Pseudomonas sp. TKP,12.0,12.0
cellular organisms;Bacteria;Proteobacteria;Gammaproteobacteria;Pseudomonadales;Pseudomonadaceae;Pseudomonas;Pseudomonas sp. URMO17WK12:I11 -> cellular organisms;Bacteria;Proteobacteria;Gammaproteobacteria;Pseudomonadales;Pseudomonadaceae;Pseudomonas;Pseudomonas sp. URMO17WK12:I11,28.0,28.0
cellular organisms;Bacteria;Proteobacteria;Gammaproteobacteria;Pseudomonadales;Pseudomonadaceae;Pseudomonas;Pseudomonas sp. UW4 -> cellular organisms;Bacteria;Proteobacteria;Gammaproteobacteria;Pseudomonadales;Pseudomonadaceae;Pseudomonas;Pseudomonas sp. UW4,13.0,13.0
cellular organisms;Bacteria;Proteobacteria;Gammaproteobacteria;Pseudomonadales;Pseudomonadaceae;Pseudomonas;Pseudomonas sp. VLB120 -> cellular organisms;Bacteria;Proteobacteria;Gammaproteobacteria;Pseudomonadales;Pseudomonadaceae;Pseudomonas;Pseudomonas sp. VLB120,5.0,5.0
cellular organisms;Bacteria;Proteobacteria;Gammaproteobacteria;Pseudomonadales;Pseudomonadaceae;Pseudomonas;Pseudomonas stutzeri group -> cellular organisms;Bacteria;Proteobacteria;Gammaproteobacteria;Pseudomonadales;Pseudomonadaceae;Pseudomonas;Pseudomonas stutzeri group,14.0,14.0
cellular organisms;Bacteria;Proteobacteria;Gammaproteobacteria;Pseudomonadales;Pseudomonadaceae;Pseudomonas;Pseudomonas syringae group -> cellular organisms;Bacteria;Proteobacteria;Gammaproteobacteria;Pseudomonadales;Pseudomonadaceae;Pseudomonas;Pseudomonas syringae group,58.0,58.0
cellular organisms;Bacteria;Proteobacteria;Gammaproteobacteria;Pseudomonadales;Pseudomonadaceae;Pseudomonas;Pseudomonas versuta -> cellular organisms;Bacteria;Proteobacteria;Gammaproteobacteria;Pseudomonadales;Pseudomonadaceae;Pseudomonas;Pseudomonas versuta,8.0,8.0
cellular organisms;Bacteria;Proteobacteria;Oligoflexia;Bdellovibrionales;Bdellovibrionaceae;Bdellovibrio;Bdellovibrio bacteriovorus -> cellular organisms;Bacteria;Proteobacteria;Oligoflexia;Bdellovibrionales;Bdellovibrionaceae;Bdellovibrio;Bdellovibrio bacteriovorus,1.0,1.0
cellular organisms;Bacteria;Terrabacteria group;Actinobacteria;Actinobacteria;Corynebacteriales;Mycobacteriaceae;Mycobacterium -> cellular organisms;Bacteria;Terrabacteria group;Actinobacteria;Actinobacteria;Corynebacteriales;Mycobacteriaceae;Mycobacterium,8.0,8.0
cellular organisms;Bacteria;Terrabacteria group;Actinobacteria;Actinobacteria;Corynebacteriales;Nocardiaceae;Rhodococcus -> cellular organisms;Bacteria;Terrabacteria group;Actinobacteria;Actinobacteria;Corynebacteriales;Nocardiaceae;Rhodococcus,1.0,1.0
cellular organisms;Bacteria;Terrabacteria group;Actinobacteria;Actinobacteria;Micrococcales -> cellular organisms;Bacteria;Terrabacteria group;Actinobacteria;Actinobacteria;Micrococcales;Micrococcaceae;Micrococcus,1.0,1.0
cellular organisms;Bacteria;Terrabacteria group;Actinobacteria;Actinobacteria;Micrococcales;Micrococcaceae;Micrococcus -> cellular organisms;Bacteria;Terrabacteria group;Actinobacteria;Actinobacteria;Micrococcales;Micrococcaceae;Micrococcus,1540.0,1540.0
cellular organisms;Bacteria;Terrabacteria group;Actinobacteria;Actinobacteria;Pseudonocardiales;Pseudonocardiaceae;Amycolatopsis -> cellular organisms;Bacteria;Terrabacteria group;Actinobacteria;Actinobacteria;Pseudonocardiales;Pseudonocardiaceae;Amycolatopsis,1.0,1.0
cellular organisms;Bacteria;Terrabacteria group;Firmicutes;Bacilli;Bacillales;Staphylococcaceae;Staphylococcus -> cellular organisms;Bacteria;Terrabacteria group;Firmicutes;Bacilli;Bacillales;Staphylococcaceae;Staphylococcus,106.0,106.0
cellular organisms;Bacteria;Terrabacteria group;Firmicutes;Bacilli;Lactobacillales;Streptococcaceae;Streptococcus -> cellular organisms;Bacteria;Terrabacteria group;Firmicutes;Bacilli;Lactobacillales;Streptococcaceae;Streptococcus,7.0,7.0
cellular organisms;Bacteria;Terrabacteria group;Firmicutes;Negativicutes;Veillonellales;Veillonellaceae;Negativicoccus -> cellular organisms;Bacteria;Terrabacteria group;Firmicutes;Negativicutes;Veillonellales;Veillonellaceae;Negativicoccus,37.0,37.0
cellular organisms;Eukaryota;Euglenozoa;Kinetoplastida;Trypanosomatidae;Leishmaniinae;Leishmania;Leishmania -> cellular organisms;Eukaryota;Euglenozoa;Kinetoplastida;Trypanosomatidae;Leishmaniinae;Leishmania;Leishmania,1.0,1.0
cellular organisms;Eukaryota;Opisthokonta;Fungi;Dikarya;Ascomycota;saccharomyceta;Pezizomycotina -> cellular organisms;Eukaryota;Opisthokonta;Fungi;Dikarya;Ascomycota;saccharomyceta;Pezizomycotina,1.0,1.0
unclassified -> unclassified,5928.0,5928.0
